utilisateur,tag,source
"labossdu94","TechnoHeart","lbm"
"labossdu94","FestivalVibes","lbm"
"labossdu94","MusicIsLife","lbm"
"labossdu94","EnModeFestival","lbm"
"labossdu94","NowPlaying","lbm"
"labossdu94","SauterDansLaFoule","lbm"
"labossdu94","ChillAndMusic","lbm"
"labossdu94","IndieKid","lbm"
"labossdu94","RnBSoul","lbm"
"labossdu94","JazzLover","lbm"
"labossdu94","RaveSpirit","lbm"
"labossdu94","OrchestraMood","lbm"
"labossdu94","ClassicalSoul","lbm"
"labossdu94","IndieFolkAddict","lbm"
"labossdu94","SalsaMood","lbm"
"labossdu94","ChillstepMood","lbm"
"labossdu94","SmoothJazzOnly","lbm"
"labossdu94","GrungeMood","lbm"
"labossdu94","AmbientInstrumentals","lbm"
"labossdu94","GrungeMood","lbm"
"reneaubert","NoMusicNoLife","lbm"
"reneaubert","PopAddict","lbm"
"reneaubert","LiveMusicLover","lbm"
"reneaubert","MusicForTheSoul","lbm"
"reneaubert","MoodMusical","lbm"
"reneaubert","LaMusiqueEtMoi","lbm"
"reneaubert","LaMusiqueEtMoi","lbm"
"reneaubert","ConcertAddict","lbm"
"reneaubert","MusicMood","lbm"
"reneaubert","JazzLover","lbm"
"reneaubert","BlackMetalMood","lbm"
"reneaubert","SouthernSound","lbm"
"reneaubert","80sPopForever","lbm"
"reneaubert","BanjoBeat","lbm"
"reneaubert","FolkVibes","lbm"
"reneaubert","RaiLover","lbm"
"reneaubert","EmoPhase","lbm"
"reneaubert","JazzLover","lbm"
"reneaubert","BoyBandEra","lbm"
"reneaubert","SmoothJazzOnly","lbm"
"henri04","MusiqueEnLive","lbm"
"henri04","RienNeVautUnLive","lbm"
"henri04","AddictedToMusic","lbm"
"henri04","MonAlgorithmeMeConnaît","lbm"
"henri04","AddictedToMusic","lbm"
"henri04","FrontRowFeels","lbm"
"henri04","AddictedToMusic","lbm"
"henri04","AddictedToMusic","lbm"
"henri04","TechnoHeart","lbm"
"henri04","SpotifyLover","lbm"
"henri04","SouthernSound","lbm"
"henri04","AmbientWave","lbm"
"henri04","MainstreamMood","lbm"
"henri04","PianoLover","lbm"
"henri04","TechnoHeart","lbm"
"henri04","PianoLover","lbm"
"henri04","AmericanaLover","lbm"
"henri04","BaroqueVibes","lbm"
"henri04","MinimalGroove","lbm"
"henri04","ChillstepMood","lbm"
"morel_eric","FestivalVibes","lbm"
"morel_eric","MoodMusical","lbm"
"morel_eric","ElectroLover","lbm"
"morel_eric","IndieKid","lbm"
"morel_eric","MusicMood","lbm"
"morel_eric","NowPlaying","lbm"
"morel_eric","NoMusicNoLife","lbm"
"morel_eric","AddictedToMusic","lbm"
"morel_eric","ÉmotionsEnMusique","lbm"
"morel_eric","MusicMood","lbm"
"morel_eric","IndieRock","lbm"
"morel_eric","EmoPhase","lbm"
"morel_eric","TechnoHeart","lbm"
"morel_eric","CountryRoadsMood","lbm"
"morel_eric","RockVibes","lbm"
"morel_eric","EDMAddict","lbm"
"morel_eric","BluegrassSpirit","lbm"
"morel_eric","TechnoHeart","lbm"
"morel_eric","DeepHouseVibes","lbm"
"morel_eric","QuietStrings","lbm"
"gillesl","DiscoverWeekly","lbm"
"gillesl","ElectroLover","lbm"
"gillesl","ChillAndMusic","lbm"
"gillesl","BackstageDreams","lbm"
"gillesl","MoodMusical","lbm"
"gillesl","SauterDansLaFoule","lbm"
"gillesl","NowPlaying","lbm"
"gillesl","AlwaysWithMyHeadphones","lbm"
"gillesl","ÉmotionsEnMusique","lbm"
"gillesl","MusiqueAvantTout","lbm"
"gillesl","PunkSpirit","lbm"
"gillesl","BanjoBeat","lbm"
"gillesl","GrungeMood","lbm"
"gillesl","ClassicalSoul","lbm"
"gillesl","GirlPopLover","lbm"
"gillesl","RockVibes","lbm"
"gillesl","PopRockFusion","lbm"
"gillesl","PopAddict","lbm"
"gillesl","WorldFusion","lbm"
"gillesl","WorldFusion","lbm"
"denisparis","LaBODeMaVie","lbm"
"denisparis","SauterDansLaFoule","lbm"
"denisparis","Melomane","lbm"
"denisparis","RapFrançais","lbm"
"denisparis","AlwaysWithMyHeadphones","lbm"
"denisparis","DiscoverWeekly","lbm"
"denisparis","NoMusicNoLife","lbm"
"denisparis","ReleaseRadar","lbm"
"denisparis","MusicForTheSoul","lbm"
"denisparis","ConcertAddict","lbm"
"denisparis","JpopVibes","lbm"
"denisparis","CampfireTunes","lbm"
"denisparis","GirlPopLover","lbm"
"denisparis","OrientalGroove","lbm"
"denisparis","AmbientInstrumentals","lbm"
"denisparis","HardRock","lbm"
"denisparis","BanjoBeat","lbm"
"denisparis","KpopFan","lbm"
"denisparis","SouthernSound","lbm"
"denisparis","FolkVibes","lbm"
"nath","PopAddict","lbm"
"nath","AlwaysWithMyHeadphones","lbm"
"nath","AddictedToMusic","lbm"
"nath","TechnoHeart","lbm"
"nath","AlwaysWithMyHeadphones","lbm"
"nath","TechnoHeart","lbm"
"nath","MusicMood","lbm"
"nath","PlaylistObsessed","lbm"
"nath","MusiqueAvantTout","lbm"
"nath","FrontRowFeels","lbm"
"nath","GirlPopLover","lbm"
"nath","GuitarSoloLife","lbm"
"nath","AcousticSoul","lbm"
"nath","OrientalGroove","lbm"
"nath","MetalForLife","lbm"
"nath","HardcoreSpirit","lbm"
"nath","SmoothJazzOnly","lbm"
"nath","BlackMetalMood","lbm"
"nath","ElectroLover","lbm"
"nath","GuitarSoloLife","lbm"
"falin","MySpotifyVibes","lbm"
"falin","DiscoverWeekly","lbm"
"falin","JazzLover","lbm"
"falin","PlaylistObsessed","lbm"
"falin","FestivalVibes","lbm"
"falin","RapFrançais","lbm"
"falin","RienNeVautUnLive","lbm"
"falin","ConcertAddict","lbm"
"falin","JazzLover","lbm"
"falin","FolkVibes","lbm"
"falin","SouthernSound","lbm"
"falin","MainstreamMood","lbm"
"falin","GrungeMood","lbm"
"falin","QuietStrings","lbm"
"falin","EDMAddict","lbm"
"falin","OrientalGroove","lbm"
"falin","ClassicRock","lbm"
"falin","ViolinVibes","lbm"
"falin","GarageRock","lbm"
"falin","ChillstepMood","lbm"
"fd1994","DiscoverWeekly","lbm"
"fd1994","AlwaysWithMyHeadphones","lbm"
"fd1994","ReggaeSpirit","lbm"
"fd1994","MoodMusical","lbm"
"fd1994","IndieKid","lbm"
"fd1994","MusiqueEnLive","lbm"
"fd1994","LiveMusicLover","lbm"
"fd1994","ChillAndMusic","lbm"
"fd1994","SoundtrackOfMyLife","lbm"
"fd1994","UnJourUnConcert","lbm"
"fd1994","PopRockFusion","lbm"
"fd1994","MetalForLife","lbm"
"fd1994","OrientalGroove","lbm"
"fd1994","DeathcoreAddict","lbm"
"fd1994","KpopFan","lbm"
"fd1994","GirlPopLover","lbm"
"fd1994","TechnoHeart","lbm"
"fd1994","PopRockFusion","lbm"
"fd1994","ThrashVibes","lbm"
"fd1994","CatchyChorus","lbm"
"plbrest","FestivalVibes","lbm"
"plbrest","BackstageDreams","lbm"
"plbrest","ConcertAddict","lbm"
"plbrest","MySpotifyVibes","lbm"
"plbrest","PopAddict","lbm"
"plbrest","FrontRowFeels","lbm"
"plbrest","TechnoHeart","lbm"
"plbrest","MusiqueEnLive","lbm"
"plbrest","MonAlgorithmeMeConnaît","lbm"
"plbrest","MusiqueEnLive","lbm"
"plbrest","LatinBeats","lbm"
"plbrest","BlackMetalMood","lbm"
"plbrest","TechnoHeart","lbm"
"plbrest","HardRock","lbm"
"plbrest","BanjoBeat","lbm"
"plbrest","QuietStrings","lbm"
"plbrest","SmoothJazzOnly","lbm"
"plbrest","QuietStrings","lbm"
"plbrest","IndieRock","lbm"
"plbrest","WorldFusion","lbm"
"fernanda","FolkVibes","lbm"
"fernanda","NowPlaying","lbm"
"fernanda","EnModeFestival","lbm"
"fernanda","NoMusicNoLife","lbm"
"fernanda","FestivalVibes","lbm"
"fernanda","MonAlgorithmeMeConnaît","lbm"
"fernanda","SauterDansLaFoule","lbm"
"fernanda","PopAddict","lbm"
"fernanda","ChillAndMusic","lbm"
"fernanda","Melomane","lbm"
"fernanda","AmbientWave","lbm"
"fernanda","ElectroLover","lbm"
"fernanda","VariétéFrançaise","lbm"
"fernanda","BanjoBeat","lbm"
"fernanda","RockVibes","lbm"
"fernanda","MainstreamMood","lbm"
"fernanda","RockVibes","lbm"
"fernanda","BasslineHunter","lbm"
"fernanda","DoomAndDistortion","lbm"
"fernanda","AmericanaLover","lbm"
"helene_vincent","ReleaseRadar","lbm"
"helene_vincent","ConcertAddict","lbm"
"helene_vincent","RockVibes","lbm"
"helene_vincent","ElectroLover","lbm"
"helene_vincent","NowPlaying","lbm"
"helene_vincent","TechnoHeart","lbm"
"helene_vincent","ReleaseRadar","lbm"
"helene_vincent","MonAlgorithmeMeConnaît","lbm"
"helene_vincent","SauterDansLaFoule","lbm"
"helene_vincent","SauterDansLaFoule","lbm"
"helene_vincent","DeepHouseVibes","lbm"
"helene_vincent","EDMAddict","lbm"
"helene_vincent","LatinBeats","lbm"
"helene_vincent","BoyBandEra","lbm"
"helene_vincent","AltRockLover","lbm"
"helene_vincent","BluegrassSpirit","lbm"
"helene_vincent","AmbientInstrumentals","lbm"
"helene_vincent","RockVibes","lbm"
"helene_vincent","GarageRock","lbm"
"helene_vincent","PopAddict","lbm"
"nicog","SpotifyLover","lbm"
"nicog","ReggaeSpirit","lbm"
"nicog","NowPlaying","lbm"
"nicog","PopAddict","lbm"
"nicog","MusicLover","lbm"
"nicog","AddictedToMusic","lbm"
"nicog","RockVibes","lbm"
"nicog","SpotifyWrapped","lbm"
"nicog","RapFrançais","lbm"
"nicog","MusiqueAvantTout","lbm"
"nicog","SaxophoneFeels","lbm"
"nicog","ElectroLover","lbm"
"nicog","BaroqueVibes","lbm"
"nicog","DeepHouseVibes","lbm"
"nicog","HardRock","lbm"
"nicog","PopCultureKid","lbm"
"nicog","OrientalGroove","lbm"
"nicog","RockVibes","lbm"
"nicog","ClassicRock","lbm"
"nicog","ScreamoFeels","lbm"
"michelb","RnBSoul","lbm"
"michelb","MusicForTheSoul","lbm"
"michelb","FolkVibes","lbm"
"michelb","UnJourUnConcert","lbm"
"michelb","SpotifyAddict","lbm"
"michelb","BackstageDreams","lbm"
"michelb","FrontRowFeels","lbm"
"michelb","TechnoHeart","lbm"
"michelb","BackstageDreams","lbm"
"michelb","SoundtrackOfMyLife","lbm"
"michelb","WorldFusion","lbm"
"michelb","BasslineHunter","lbm"
"michelb","RaiLover","lbm"
"michelb","PostRockDreamer","lbm"
"michelb","AmbientWave","lbm"
"michelb","ClassicalSoul","lbm"
"michelb","FlamencoSoul","lbm"
"michelb","GuitarSoloLife","lbm"
"michelb","GrungeMood","lbm"
"michelb","MainstreamMood","lbm"
"brunaa","LaBODeMaVie","lbm"
"brunaa","SoundtrackOfMyLife","lbm"
"brunaa","PopAddict","lbm"
"brunaa","ÉmotionsEnMusique","lbm"
"brunaa","ReleaseRadar","lbm"
"brunaa","RnBSoul","lbm"
"brunaa","NowPlaying","lbm"
"brunaa","SoundtrackOfMyLife","lbm"
"brunaa","MonAlgorithmeMeConnaît","lbm"
"brunaa","SpotifyWrapped","lbm"
"brunaa","ElectroLover","lbm"
"brunaa","PopCultureKid","lbm"
"brunaa","OrchestraMood","lbm"
"brunaa","JpopVibes","lbm"
"brunaa","BlackMetalMood","lbm"
"brunaa","BlackMetalMood","lbm"
"brunaa","OrientalGroove","lbm"
"brunaa","EmoPhase","lbm"
"brunaa","RockVibes","lbm"
"brunaa","PianoLover","lbm"
"garciap","RockVibes","lbm"
"garciap","ReggaeSpirit","lbm"
"garciap","SpotifyWrapped","lbm"
"garciap","ConcertAddict","lbm"
"garciap","NowPlaying","lbm"
"garciap","MusicLover","lbm"
"garciap","IndieKid","lbm"
"garciap","RnBSoul","lbm"
"garciap","PopAddict","lbm"
"garciap","MusicIsLife","lbm"
"garciap","DoomAndDistortion","lbm"
"garciap","ClassicalSoul","lbm"
"garciap","MainstreamMood","lbm"
"garciap","PopCultureKid","lbm"
"garciap","AmericanaLover","lbm"
"garciap","AmbientInstrumentals","lbm"
"garciap","NightclubBeats","lbm"
"garciap","RaveSpirit","lbm"
"garciap","DeepHouseVibes","lbm"
"garciap","FlamencoSoul","lbm"
"eric35","PopAddict","lbm"
"eric35","SpotifyAddict","lbm"
"eric35","MusiqueEnLive","lbm"
"eric35","RapFrançais","lbm"
"eric35","MusiqueH24","lbm"
"eric35","RapFrançais","lbm"
"eric35","ConcertAddict","lbm"
"eric35","SauterDansLaFoule","lbm"
"eric35","MusicMood","lbm"
"eric35","DiscoverWeekly","lbm"
"eric35","JpopVibes","lbm"
"eric35","IndieFolkAddict","lbm"
"eric35","AmericanaLover","lbm"
"eric35","ChillstepMood","lbm"
"eric35","ElectroLover","lbm"
"eric35","ClassicalSoul","lbm"
"eric35","BaroqueVibes","lbm"
"eric35","OrientalGroove","lbm"
"eric35","HardcoreSpirit","lbm"
"eric35","PunkSpirit","lbm"
"ta_super_copine","JazzLover","lbm"
"ta_super_copine","SpotifyWrapped","lbm"
"ta_super_copine","LaMusiqueEtMoi","lbm"
"ta_super_copine","Melomane","lbm"
"ta_super_copine","PlaylistObsessed","lbm"
"ta_super_copine","MusiqueEnLive","lbm"
"ta_super_copine","MusicIsLife","lbm"
"ta_super_copine","NoMusicNoLife","lbm"
"ta_super_copine","SauterDansLaFoule","lbm"
"ta_super_copine","MusicLover","lbm"
"ta_super_copine","CatchyChorus","lbm"
"ta_super_copine","RaiLover","lbm"
"ta_super_copine","KpopFan","lbm"
"ta_super_copine","FilmScoreFan","lbm"
"ta_super_copine","MetalForLife","lbm"
"ta_super_copine","WorldFusion","lbm"
"ta_super_copine","GrungeMood","lbm"
"ta_super_copine","CampfireTunes","lbm"
"ta_super_copine","EmoPhase","lbm"
"ta_super_copine","EDMAddict","lbm"
"patoche","MusicStreamingAllDay","lbm"
"patoche","IndieKid","lbm"
"patoche","SoundtrackOfMyLife","lbm"
"patoche","LiveMusicLover","lbm"
"patoche","EnModeFestival","lbm"
"patoche","DiscoverWeekly","lbm"
"patoche","ÉmotionsEnMusique","lbm"
"patoche","PopAddict","lbm"
"patoche","Melomane","lbm"
"patoche","LaBODeMaVie","lbm"
"patoche","GirlPopLover","lbm"
"patoche","PopAddict","lbm"
"patoche","BlackMetalMood","lbm"
"patoche","BanjoBeat","lbm"
"patoche","HardRock","lbm"
"patoche","BluegrassSpirit","lbm"
"patoche","ElectroLover","lbm"
"patoche","CatchyChorus","lbm"
"patoche","BoyBandEra","lbm"
"patoche","SaxophoneFeels","lbm"
"fabrejean","LiveMusicLover","lbm"
"fabrejean","DiscoverWeekly","lbm"
"fabrejean","ÉmotionsEnMusique","lbm"
"fabrejean","NowPlaying","lbm"
"fabrejean","ReggaeSpirit","lbm"
"fabrejean","MusicStreamingAllDay","lbm"
"fabrejean","FestivalVibes","lbm"
"fabrejean","NowPlaying","lbm"
"fabrejean","AlwaysWithMyHeadphones","lbm"
"fabrejean","TechnoHeart","lbm"
"fabrejean","MinimalGroove","lbm"
"fabrejean","JpopVibes","lbm"
"fabrejean","ElectroLover","lbm"
"fabrejean","TechnoHeart","lbm"
"fabrejean","MetalForLife","lbm"
"fabrejean","PianoLover","lbm"
"fabrejean","PunkSpirit","lbm"
"fabrejean","EmoPhase","lbm"
"fabrejean","RaveSpirit","lbm"
"fabrejean","RockVibes","lbm"
"filozof","SpotifyWrapped","lbm"
"filozof","MusicForTheSoul","lbm"
"filozof","MusiqueAvantTout","lbm"
"filozof","SpotifyLover","lbm"
"filozof","LaBODeMaVie","lbm"
"filozof","SpotifyLover","lbm"
"filozof","LiveMusicLover","lbm"
"filozof","MusicStreamingAllDay","lbm"
"filozof","RockVibes","lbm"
"filozof","SpotifyWrapped","lbm"
"filozof","FolkVibes","lbm"
"filozof","PostRockDreamer","lbm"
"filozof","SouthernSound","lbm"
"filozof","AmericanaLover","lbm"
"filozof","IndieFolkAddict","lbm"
"filozof","BluegrassSpirit","lbm"
"filozof","KpopFan","lbm"
"filozof","JpopVibes","lbm"
"filozof","GirlPopLover","lbm"
"filozof","MetalHead","lbm"
"mercier59","AddictedToMusic","lbm"
"mercier59","MusicLover","lbm"
"mercier59","MusicIsLife","lbm"
"mercier59","DiscoverWeekly","lbm"
"mercier59","MusicForTheSoul","lbm"
"mercier59","MoodMusical","lbm"
"mercier59","SoundtrackOfMyLife","lbm"
"mercier59","LaBODeMaVie","lbm"
"mercier59","ReggaeSpirit","lbm"
"mercier59","SoundtrackOfMyLife","lbm"
"mercier59","MetalForLife","lbm"
"mercier59","MetalHead","lbm"
"mercier59","GirlPopLover","lbm"
"mercier59","BanjoBeat","lbm"
"mercier59","EmoPhase","lbm"
"mercier59","CampfireTunes","lbm"
"mercier59","BasslineHunter","lbm"
"mercier59","RockVibes","lbm"
"mercier59","ClassicRock","lbm"
"mercier59","GrungeMood","lbm"
"marie88","ElectroLover","lbm"
"marie88","NoMusicNoLife","lbm"
"marie88","ReleaseRadar","lbm"
"marie88","ReggaeSpirit","lbm"
"marie88","LaBODeMaVie","lbm"
"marie88","SpotifyWrapped","lbm"
"marie88","AlwaysWithMyHeadphones","lbm"
"marie88","MusiqueEnLive","lbm"
"marie88","UnJourUnConcert","lbm"
"marie88","MySpotifyVibes","lbm"
"marie88","RaveSpirit","lbm"
"marie88","FlamencoSoul","lbm"
"marie88","SouthernSound","lbm"
"marie88","IndieFolkAddict","lbm"
"marie88","GirlPopLover","lbm"
"marie88","FilmScoreFan","lbm"
"marie88","HardRock","lbm"
"marie88","BlackMetalMood","lbm"
"marie88","HardRock","lbm"
"marie88","BoyBandEra","lbm"
"albertmat","RnBSoul","lbm"
"albertmat","ÉmotionsEnMusique","lbm"
"albertmat","MusicStreamingAllDay","lbm"
"albertmat","ReleaseRadar","lbm"
"albertmat","RienNeVautUnLive","lbm"
"albertmat","IndieKid","lbm"
"albertmat","LiveMusicLover","lbm"
"albertmat","MusicForTheSoul","lbm"
"albertmat","JazzLover","lbm"
"albertmat","FolkVibes","lbm"
"albertmat","RaveSpirit","lbm"
"albertmat","PopRockFusion","lbm"
"albertmat","ViolinVibes","lbm"
"albertmat","GrungeMood","lbm"
"albertmat","MetalHead","lbm"
"albertmat","CampfireTunes","lbm"
"albertmat","ChillstepMood","lbm"
"albertmat","KpopFan","lbm"
"albertmat","AmbientInstrumentals","lbm"
"albertmat","NightclubBeats","lbm"
"robertmasson","FestivalVibes","lbm"
"robertmasson","MusiqueEnLive","lbm"
"robertmasson","ReggaeSpirit","lbm"
"robertmasson","AddictedToMusic","lbm"
"robertmasson","PopAddict","lbm"
"robertmasson","MySpotifyVibes","lbm"
"robertmasson","IndieKid","lbm"
"robertmasson","ElectroLover","lbm"
"robertmasson","ReleaseRadar","lbm"
"robertmasson","EnModeFestival","lbm"
"robertmasson","DeepHouseVibes","lbm"
"robertmasson","SaxophoneFeels","lbm"
"robertmasson","RaiLover","lbm"
"robertmasson","80sPopForever","lbm"
"robertmasson","GarageRock","lbm"
"robertmasson","SalsaMood","lbm"
"robertmasson","AmbientInstrumentals","lbm"
"robertmasson","DeathcoreAddict","lbm"
"robertmasson","EDMAddict","lbm"
"robertmasson","OrientalGroove","lbm"
"thierry9292","MusicLover","lbm"
"thierry9292","ReleaseRadar","lbm"
"thierry9292","MusicStreamingAllDay","lbm"
"thierry9292","MusicIsLife","lbm"
"thierry9292","MoodMusical","lbm"
"thierry9292","ElectroLover","lbm"
"thierry9292","SpotifyAddict","lbm"
"thierry9292","AlwaysWithMyHeadphones","lbm"
"thierry9292","PopAddict","lbm"
"thierry9292","RnBSoul","lbm"
"thierry9292","ThrashVibes","lbm"
"thierry9292","RaiLover","lbm"
"thierry9292","AmbientWave","lbm"
"thierry9292","IndieFolkAddict","lbm"
"thierry9292","FilmScoreFan","lbm"
"thierry9292","ScreamoFeels","lbm"
"thierry9292","LatinBeats","lbm"
"thierry9292","TechnoHeart","lbm"
"thierry9292","EDMAddict","lbm"
"thierry9292","ScreamoFeels","lbm"
"robinm","SpotifyLover","lbm"
"robinm","MusiqueH24","lbm"
"robinm","MusiqueAvantTout","lbm"
"robinm","MusiqueEnLive","lbm"
"robinm","ConcertAddict","lbm"
"robinm","NowPlaying","lbm"
"robinm","SpotifyWrapped","lbm"
"robinm","ChillAndMusic","lbm"
"robinm","MusiqueEnLive","lbm"
"robinm","RienNeVautUnLive","lbm"
"robinm","BasslineHunter","lbm"
"robinm","OrchestraMood","lbm"
"robinm","EmoPhase","lbm"
"robinm","SalsaMood","lbm"
"robinm","SalsaMood","lbm"
"robinm","RockVibes","lbm"
"robinm","DeepHouseVibes","lbm"
"robinm","KpopFan","lbm"
"robinm","HardcoreSpirit","lbm"
"robinm","FilmScoreFan","lbm"
"nicoledubois","RnBSoul","lbm"
"nicoledubois","MySpotifyVibes","lbm"
"nicoledubois","LaBODeMaVie","lbm"
"nicoledubois","RienNeVautUnLive","lbm"
"nicoledubois","FestivalVibes","lbm"
"nicoledubois","MusicIsLife","lbm"
"nicoledubois","JazzLover","lbm"
"nicoledubois","NoMusicNoLife","lbm"
"nicoledubois","ConcertAddict","lbm"
"nicoledubois","UnJourUnConcert","lbm"
"nicoledubois","WorldFusion","lbm"
"nicoledubois","SmoothJazzOnly","lbm"
"nicoledubois","MinimalGroove","lbm"
"nicoledubois","PunkSpirit","lbm"
"nicoledubois","OrientalGroove","lbm"
"nicoledubois","EDMAddict","lbm"
"nicoledubois","JpopVibes","lbm"
"nicoledubois","JpopVibes","lbm"
"nicoledubois","RaveSpirit","lbm"
"nicoledubois","AltRockLover","lbm"
"oliver","RnBSoul","lbm"
"oliver","LaBODeMaVie","lbm"
"oliver","SpotifyWrapped","lbm"
"oliver","LaMusiqueEtMoi","lbm"
"oliver","MusicIsLife","lbm"
"oliver","LaMusiqueEtMoi","lbm"
"oliver","SpotifyAddict","lbm"
"oliver","SpotifyLover","lbm"
"oliver","RapFrançais","lbm"
"oliver","SoundtrackOfMyLife","lbm"
"oliver","ClassicRock","lbm"
"oliver","HardRock","lbm"
"oliver","HardcoreSpirit","lbm"
"oliver","BoyBandEra","lbm"
"oliver","PopRockFusion","lbm"
"oliver","BoyBandEra","lbm"
"oliver","MetalHead","lbm"
"oliver","FolkVibes","lbm"
"oliver","CountryRoadsMood","lbm"
"oliver","AmbientInstrumentals","lbm"
"serge01","ChillAndMusic","lbm"
"serge01","PopAddict","lbm"
"serge01","ChillAndMusic","lbm"
"serge01","FrontRowFeels","lbm"
"serge01","EnModeFestival","lbm"
"serge01","DiscoverWeekly","lbm"
"serge01","TechnoHeart","lbm"
"serge01","LaMusiqueEtMoi","lbm"
"serge01","MusiqueAvantTout","lbm"
"serge01","SauterDansLaFoule","lbm"
"serge01","PopAddict","lbm"
"serge01","GirlPopLover","lbm"
"serge01","CountryRoadsMood","lbm"
"serge01","ElectroLover","lbm"
"serge01","KpopFan","lbm"
"serge01","CatchyChorus","lbm"
"serge01","PianoLover","lbm"
"serge01","AltRockLover","lbm"
"serge01","ScreamoFeels","lbm"
"serge01","BluegrassSpirit","lbm"
"marc_le_grand","IndieKid","lbm"
"marc_le_grand","RnBSoul","lbm"
"marc_le_grand","AddictedToMusic","lbm"
"marc_le_grand","Melomane","lbm"
"marc_le_grand","IndieKid","lbm"
"marc_le_grand","ReggaeSpirit","lbm"
"marc_le_grand","NoMusicNoLife","lbm"
"marc_le_grand","MusicMood","lbm"
"marc_le_grand","LiveMusicLover","lbm"
"marc_le_grand","JazzLover","lbm"
"marc_le_grand","HardcoreSpirit","lbm"
"marc_le_grand","IndieFolkAddict","lbm"
"marc_le_grand","HardcoreSpirit","lbm"
"marc_le_grand","OrchestraMood","lbm"
"marc_le_grand","AcousticSoul","lbm"
"marc_le_grand","SalsaMood","lbm"
"marc_le_grand","BoyBandEra","lbm"
"marc_le_grand","RaveSpirit","lbm"
"marc_le_grand","OrientalGroove","lbm"
"marc_le_grand","MinimalGroove","lbm"
"xddl","MusicLover","lbm"
"xddl","MusicMood","lbm"
"xddl","MusiqueEnLive","lbm"
"xddl","MusicMood","lbm"
"xddl","UnJourUnConcert","lbm"
"xddl","ÉmotionsEnMusique","lbm"
"xddl","RockVibes","lbm"
"xddl","LaBODeMaVie","lbm"
"xddl","MusicIsLife","lbm"
"xddl","LiveMusicLover","lbm"
"xddl","MetalHead","lbm"
"xddl","BaroqueVibes","lbm"
"xddl","SmoothJazzOnly","lbm"
"xddl","SmoothJazzOnly","lbm"
"xddl","CountryRoadsMood","lbm"
"xddl","SaxophoneFeels","lbm"
"xddl","RaveSpirit","lbm"
"xddl","LatinBeats","lbm"
"xddl","EmoPhase","lbm"
"xddl","BluegrassSpirit","lbm"
"isa37","PopAddict","lbm"
"isa37","NoMusicNoLife","lbm"
"isa37","MoodMusical","lbm"
"isa37","FolkVibes","lbm"
"isa37","ElectroLover","lbm"
"isa37","FestivalVibes","lbm"
"isa37","SpotifyLover","lbm"
"isa37","RnBSoul","lbm"
"isa37","UnJourUnConcert","lbm"
"isa37","FestivalVibes","lbm"
"isa37","IndieRock","lbm"
"isa37","ClassicRock","lbm"
"isa37","RockVibes","lbm"
"isa37","PopAddict","lbm"
"isa37","MetalForLife","lbm"
"isa37","CampfireTunes","lbm"
"isa37","PianoLover","lbm"
"isa37","FolkVibes","lbm"
"isa37","BlackMetalMood","lbm"
"isa37","KpopFan","lbm"
"raymond_du_13","SpotifyLover","lbm"
"raymond_du_13","ChillAndMusic","lbm"
"raymond_du_13","MusicStreamingAllDay","lbm"
"raymond_du_13","LiveMusicLover","lbm"
"raymond_du_13","Melomane","lbm"
"raymond_du_13","ÉmotionsEnMusique","lbm"
"raymond_du_13","DiscoverWeekly","lbm"
"raymond_du_13","SauterDansLaFoule","lbm"
"raymond_du_13","ÉmotionsEnMusique","lbm"
"raymond_du_13","LaBODeMaVie","lbm"
"raymond_du_13","ThrashVibes","lbm"
"raymond_du_13","DeathcoreAddict","lbm"
"raymond_du_13","LatinBeats","lbm"
"raymond_du_13","PunkSpirit","lbm"
"raymond_du_13","FlamencoSoul","lbm"
"raymond_du_13","PostRockDreamer","lbm"
"raymond_du_13","OrchestraMood","lbm"
"raymond_du_13","ClassicRock","lbm"
"raymond_du_13","RaveSpirit","lbm"
"raymond_du_13","RockVibes","lbm"
"sanchezzz","TechnoHeart","lbm"
"sanchezzz","FolkVibes","lbm"
"sanchezzz","SpotifyWrapped","lbm"
"sanchezzz","RnBSoul","lbm"
"sanchezzz","PlaylistObsessed","lbm"
"sanchezzz","AddictedToMusic","lbm"
"sanchezzz","TechnoHeart","lbm"
"sanchezzz","DiscoverWeekly","lbm"
"sanchezzz","ReggaeSpirit","lbm"
"sanchezzz","FestivalVibes","lbm"
"sanchezzz","OrchestraMood","lbm"
"sanchezzz","LatinBeats","lbm"
"sanchezzz","AltRockLover","lbm"
"sanchezzz","GuitarSoloLife","lbm"
"sanchezzz","PopCultureKid","lbm"
"sanchezzz","PopAddict","lbm"
"sanchezzz","HardRock","lbm"
"sanchezzz","AmbientWave","lbm"
"sanchezzz","PianoLover","lbm"
"sanchezzz","OrientalGroove","lbm"
"isa_belle","TechnoHeart","lbm"
"isa_belle","ElectroLover","lbm"
"isa_belle","ElectroLover","lbm"
"isa_belle","RapFrançais","lbm"
"isa_belle","LaMusiqueEtMoi","lbm"
"isa_belle","SauterDansLaFoule","lbm"
"isa_belle","ReleaseRadar","lbm"
"isa_belle","LiveMusicLover","lbm"
"isa_belle","MusicStreamingAllDay","lbm"
"isa_belle","MusicMood","lbm"
"isa_belle","ViolinVibes","lbm"
"isa_belle","RaiLover","lbm"
"isa_belle","PostRockDreamer","lbm"
"isa_belle","MainstreamMood","lbm"
"isa_belle","HardRock","lbm"
"isa_belle","AmericanaLover","lbm"
"isa_belle","DeepHouseVibes","lbm"
"isa_belle","ElectroLover","lbm"
"isa_belle","ViolinVibes","lbm"
"isa_belle","PopCultureKid","lbm"
"tj007","LaBODeMaVie","lbm"
"tj007","NowPlaying","lbm"
"tj007","MonAlgorithmeMeConnaît","lbm"
"tj007","SoundtrackOfMyLife","lbm"
"tj007","DiscoverWeekly","lbm"
"tj007","LaMusiqueEtMoi","lbm"
"tj007","MusicForTheSoul","lbm"
"tj007","ChillAndMusic","lbm"
"tj007","ElectroLover","lbm"
"tj007","MusiqueEnLive","lbm"
"tj007","GirlPopLover","lbm"
"tj007","AmericanaLover","lbm"
"tj007","FilmScoreFan","lbm"
"tj007","JpopVibes","lbm"
"tj007","WorldFusion","lbm"
"tj007","FolkVibes","lbm"
"tj007","ScreamoFeels","lbm"
"tj007","RaveSpirit","lbm"
"tj007","CountryRoadsMood","lbm"
"tj007","TechnoHeart","lbm"
"nicobru","DiscoverWeekly","lbm"
"nicobru","FrontRowFeels","lbm"
"nicobru","RienNeVautUnLive","lbm"
"nicobru","FestivalVibes","lbm"
"nicobru","UnJourUnConcert","lbm"
"nicobru","EnModeFestival","lbm"
"nicobru","PopAddict","lbm"
"nicobru","SpotifyAddict","lbm"
"nicobru","MusicStreamingAllDay","lbm"
"nicobru","MoodMusical","lbm"
"nicobru","QuietStrings","lbm"
"nicobru","SalsaMood","lbm"
"nicobru","ClassicRock","lbm"
"nicobru","BanjoBeat","lbm"
"nicobru","AcousticSoul","lbm"
"nicobru","BaroqueVibes","lbm"
"nicobru","NightclubBeats","lbm"
"nicobru","BaroqueVibes","lbm"
"nicobru","PostRockDreamer","lbm"
"nicobru","GirlPopLover","lbm"
"dupontdupond","MusicIsLife","lbm"
"dupontdupond","RnBSoul","lbm"
"dupontdupond","FrontRowFeels","lbm"
"dupontdupond","ChillAndMusic","lbm"
"dupontdupond","IndieKid","lbm"
"dupontdupond","PlaylistObsessed","lbm"
"dupontdupond","ConcertAddict","lbm"
"dupontdupond","RockVibes","lbm"
"dupontdupond","FrontRowFeels","lbm"
"dupontdupond","TechnoHeart","lbm"
"dupontdupond","GuitarSoloLife","lbm"
"dupontdupond","RaveSpirit","lbm"
"dupontdupond","ChillstepMood","lbm"
"dupontdupond","MinimalGroove","lbm"
"dupontdupond","KpopFan","lbm"
"dupontdupond","GrungeMood","lbm"
"dupontdupond","CatchyChorus","lbm"
"dupontdupond","PianoLover","lbm"
"dupontdupond","DeathcoreAddict","lbm"
"dupontdupond","TechnoHeart","lbm"
"domdom1992","BackstageDreams","lbm"
"domdom1992","EnModeFestival","lbm"
"domdom1992","IndieKid","lbm"
"domdom1992","AddictedToMusic","lbm"
"domdom1992","MusiqueAvantTout","lbm"
"domdom1992","IndieKid","lbm"
"domdom1992","NoMusicNoLife","lbm"
"domdom1992","ÉmotionsEnMusique","lbm"
"domdom1992","MusicStreamingAllDay","lbm"
"domdom1992","MoodMusical","lbm"
"domdom1992","CatchyChorus","lbm"
"domdom1992","PianoLover","lbm"
"domdom1992","CountryRoadsMood","lbm"
"domdom1992","BluegrassSpirit","lbm"
"domdom1992","MetalHead","lbm"
"domdom1992","ThrashVibes","lbm"
"domdom1992","AmericanaLover","lbm"
"domdom1992","NightclubBeats","lbm"
"domdom1992","FolkVibes","lbm"
"domdom1992","PostRockDreamer","lbm"
"supermatth","DiscoverWeekly","lbm"
"supermatth","LiveMusicLover","lbm"
"supermatth","MonAlgorithmeMeConnaît","lbm"
"supermatth","MusiqueEnLive","lbm"
"supermatth","MusiqueAvantTout","lbm"
"supermatth","MusiqueEnLive","lbm"
"supermatth","BackstageDreams","lbm"
"supermatth","LaBODeMaVie","lbm"
"supermatth","MusiqueEnLive","lbm"
"supermatth","RockVibes","lbm"
"supermatth","AcousticSoul","lbm"
"supermatth","RaveSpirit","lbm"
"supermatth","PopRockFusion","lbm"
"supermatth","CampfireTunes","lbm"
"supermatth","SouthernSound","lbm"
"supermatth","FolkVibes","lbm"
"supermatth","SmoothJazzOnly","lbm"
"supermatth","PostRockDreamer","lbm"
"supermatth","CatchyChorus","lbm"
"supermatth","AmericanaLover","lbm"
"chris94","JazzLover","lbm"
"chris94","NowPlaying","lbm"
"chris94","SpotifyAddict","lbm"
"chris94","RockVibes","lbm"
"chris94","MusicStreamingAllDay","lbm"
"chris94","ChillAndMusic","lbm"
"chris94","ÉmotionsEnMusique","lbm"
"chris94","MusicIsLife","lbm"
"chris94","JazzLover","lbm"
"chris94","MusiqueH24","lbm"
"chris94","OrientalGroove","lbm"
"chris94","JpopVibes","lbm"
"chris94","RockVibes","lbm"
"chris94","FilmScoreFan","lbm"
"chris94","GuitarSoloLife","lbm"
"chris94","MainstreamMood","lbm"
"chris94","FlamencoSoul","lbm"
"chris94","RaiLover","lbm"
"chris94","PunkSpirit","lbm"
"chris94","ClassicalSoul","lbm"
"patrick_perez","SoundtrackOfMyLife","lbm"
"patrick_perez","AddictedToMusic","lbm"
"patrick_perez","ConcertAddict","lbm"
"patrick_perez","JazzLover","lbm"
"patrick_perez","MonAlgorithmeMeConnaît","lbm"
"patrick_perez","MusicMood","lbm"
"patrick_perez","PlaylistObsessed","lbm"
"patrick_perez","SpotifyAddict","lbm"
"patrick_perez","NowPlaying","lbm"
"patrick_perez","MusiqueH24","lbm"
"patrick_perez","SalsaMood","lbm"
"patrick_perez","VariétéFrançaise","lbm"
"patrick_perez","ClassicalSoul","lbm"
"patrick_perez","PianoLover","lbm"
"patrick_perez","MinimalGroove","lbm"
"patrick_perez","SaxophoneFeels","lbm"
"patrick_perez","PopRockFusion","lbm"
"patrick_perez","VariétéFrançaise","lbm"
"patrick_perez","DeathcoreAddict","lbm"
"patrick_perez","BasslineHunter","lbm"
"ll9933","FestivalVibes","lbm"
"ll9933","DiscoverWeekly","lbm"
"ll9933","MusicStreamingAllDay","lbm"
"ll9933","EnModeFestival","lbm"
"ll9933","MusiqueAvantTout","lbm"
"ll9933","RienNeVautUnLive","lbm"
"ll9933","ReggaeSpirit","lbm"
"ll9933","LaBODeMaVie","lbm"
"ll9933","SpotifyWrapped","lbm"
"ll9933","MusicIsLife","lbm"
"ll9933","JazzLover","lbm"
"ll9933","IndieFolkAddict","lbm"
"ll9933","BluegrassSpirit","lbm"
"ll9933","CampfireTunes","lbm"
"ll9933","TechnoHeart","lbm"
"ll9933","AcousticSoul","lbm"
"ll9933","KpopFan","lbm"
"ll9933","CampfireTunes","lbm"
"ll9933","ThrashVibes","lbm"
"ll9933","80sPopForever","lbm"
"paul_bernard","BackstageDreams","lbm"
"paul_bernard","BackstageDreams","lbm"
"paul_bernard","ElectroLover","lbm"
"paul_bernard","ChillAndMusic","lbm"
"paul_bernard","SpotifyLover","lbm"
"paul_bernard","AlwaysWithMyHeadphones","lbm"
"paul_bernard","FolkVibes","lbm"
"paul_bernard","NowPlaying","lbm"
"paul_bernard","IndieKid","lbm"
"paul_bernard","SauterDansLaFoule","lbm"
"paul_bernard","SmoothJazzOnly","lbm"
"paul_bernard","PopAddict","lbm"
"paul_bernard","AltRockLover","lbm"
"paul_bernard","GuitarSoloLife","lbm"
"paul_bernard","DoomAndDistortion","lbm"
"paul_bernard","DeepHouseVibes","lbm"
"paul_bernard","BaroqueVibes","lbm"
"paul_bernard","CampfireTunes","lbm"
"paul_bernard","PopAddict","lbm"
"paul_bernard","RaiLover","lbm"
"georgesd","RnBSoul","lbm"
"georgesd","SauterDansLaFoule","lbm"
"georgesd","MusicLover","lbm"
"georgesd","FolkVibes","lbm"
"georgesd","SoundtrackOfMyLife","lbm"
"georgesd","JazzLover","lbm"
"georgesd","MusicMood","lbm"
"georgesd","UnJourUnConcert","lbm"
"georgesd","MonAlgorithmeMeConnaît","lbm"
"georgesd","BackstageDreams","lbm"
"georgesd","ClassicalSoul","lbm"
"georgesd","80sPopForever","lbm"
"georgesd","SalsaMood","lbm"
"georgesd","FlamencoSoul","lbm"
"georgesd","ClassicalSoul","lbm"
"georgesd","MinimalGroove","lbm"
"georgesd","PopAddict","lbm"
"georgesd","AltRockLover","lbm"
"georgesd","CountryRoadsMood","lbm"
"georgesd","SouthernSound","lbm"
"chris96","SoundtrackOfMyLife","lbm"
"chris96","MusicLover","lbm"
"chris96","EnModeFestival","lbm"
"chris96","SpotifyLover","lbm"
"chris96","AddictedToMusic","lbm"
"chris96","LiveMusicLover","lbm"
"chris96","MusicForTheSoul","lbm"
"chris96","ElectroLover","lbm"
"chris96","MonAlgorithmeMeConnaît","lbm"
"chris96","PlaylistObsessed","lbm"
"chris96","NightclubBeats","lbm"
"chris96","PopRockFusion","lbm"
"chris96","SouthernSound","lbm"
"chris96","GirlPopLover","lbm"
"chris96","GrungeMood","lbm"
"chris96","BoyBandEra","lbm"
"chris96","DoomAndDistortion","lbm"
"chris96","CountryRoadsMood","lbm"
"chris96","BasslineHunter","lbm"
"chris96","MinimalGroove","lbm"
"ymathieu","SpotifyAddict","lbm"
"ymathieu","MoodMusical","lbm"
"ymathieu","SpotifyWrapped","lbm"
"ymathieu","PopAddict","lbm"
"ymathieu","MusiqueAvantTout","lbm"
"ymathieu","SpotifyAddict","lbm"
"ymathieu","PopAddict","lbm"
"ymathieu","RapFrançais","lbm"
"ymathieu","EnModeFestival","lbm"
"ymathieu","MusicMood","lbm"
"ymathieu","CampfireTunes","lbm"
"ymathieu","ScreamoFeels","lbm"
"ymathieu","HardRock","lbm"
"ymathieu","BluegrassSpirit","lbm"
"ymathieu","JpopVibes","lbm"
"ymathieu","AmbientInstrumentals","lbm"
"ymathieu","MinimalGroove","lbm"
"ymathieu","EmoPhase","lbm"
"ymathieu","ElectroLover","lbm"
"ymathieu","BaroqueVibes","lbm"
"meunierbruno","TechnoHeart","lbm"
"meunierbruno","RnBSoul","lbm"
"meunierbruno","MusiqueH24","lbm"
"meunierbruno","PlaylistObsessed","lbm"
"meunierbruno","RnBSoul","lbm"
"meunierbruno","ChillAndMusic","lbm"
"meunierbruno","LaMusiqueEtMoi","lbm"
"meunierbruno","SoundtrackOfMyLife","lbm"
"meunierbruno","MusiqueH24","lbm"
"meunierbruno","JazzLover","lbm"
"meunierbruno","SaxophoneFeels","lbm"
"meunierbruno","WorldFusion","lbm"
"meunierbruno","AmbientInstrumentals","lbm"
"meunierbruno","FolkVibes","lbm"
"meunierbruno","JazzLover","lbm"
"meunierbruno","NightclubBeats","lbm"
"meunierbruno","FilmScoreFan","lbm"
"meunierbruno","JpopVibes","lbm"
"meunierbruno","PopCultureKid","lbm"
"meunierbruno","RaiLover","lbm"
"claudewhite","MoodMusical","lbm"
"claudewhite","ElectroLover","lbm"
"claudewhite","RnBSoul","lbm"
"claudewhite","PlaylistObsessed","lbm"
"claudewhite","ReleaseRadar","lbm"
"claudewhite","DiscoverWeekly","lbm"
"claudewhite","ConcertAddict","lbm"
"claudewhite","ReggaeSpirit","lbm"
"claudewhite","ReggaeSpirit","lbm"
"claudewhite","ChillAndMusic","lbm"
"claudewhite","FolkVibes","lbm"
"claudewhite","GrungeMood","lbm"
"claudewhite","DeathcoreAddict","lbm"
"claudewhite","FilmScoreFan","lbm"
"claudewhite","ViolinVibes","lbm"
"claudewhite","LatinBeats","lbm"
"claudewhite","BluegrassSpirit","lbm"
"claudewhite","BaroqueVibes","lbm"
"claudewhite","JazzLover","lbm"
"claudewhite","JpopVibes","lbm"
"soso99","MusiqueEnLive","lbm"
"soso99","JazzLover","lbm"
"soso99","FestivalVibes","lbm"
"soso99","AddictedToMusic","lbm"
"soso99","MonAlgorithmeMeConnaît","lbm"
"soso99","MySpotifyVibes","lbm"
"soso99","ChillAndMusic","lbm"
"soso99","JazzLover","lbm"
"soso99","ReggaeSpirit","lbm"
"soso99","RnBSoul","lbm"
"soso99","SouthernSound","lbm"
"soso99","RaiLover","lbm"
"soso99","GuitarSoloLife","lbm"
"soso99","OrientalGroove","lbm"
"soso99","BluegrassSpirit","lbm"
"soso99","AmericanaLover","lbm"
"soso99","LatinBeats","lbm"
"soso99","TechnoHeart","lbm"
"soso99","SaxophoneFeels","lbm"
"soso99","SalsaMood","lbm"
"bernard_l","ReggaeSpirit","lbm"
"bernard_l","RapFrançais","lbm"
"bernard_l","MonAlgorithmeMeConnaît","lbm"
"bernard_l","MusicIsLife","lbm"
"bernard_l","SoundtrackOfMyLife","lbm"
"bernard_l","SpotifyLover","lbm"
"bernard_l","MusiqueAvantTout","lbm"
"bernard_l","AddictedToMusic","lbm"
"bernard_l","FrontRowFeels","lbm"
"bernard_l","LaBODeMaVie","lbm"
"bernard_l","PopRockFusion","lbm"
"bernard_l","PostRockDreamer","lbm"
"bernard_l","BlackMetalMood","lbm"
"bernard_l","GuitarSoloLife","lbm"
"bernard_l","MainstreamMood","lbm"
"bernard_l","CatchyChorus","lbm"
"bernard_l","IndieRock","lbm"
"bernard_l","FlamencoSoul","lbm"
"bernard_l","QuietStrings","lbm"
"bernard_l","AmbientWave","lbm"
"sophie","MusicForTheSoul","lbm"
"sophie","LaBODeMaVie","lbm"
"sophie","ÉmotionsEnMusique","lbm"
"sophie","ÉmotionsEnMusique","lbm"
"sophie","MusiqueEnLive","lbm"
"sophie","MusiqueEnLive","lbm"
"sophie","SoundtrackOfMyLife","lbm"
"sophie","SpotifyWrapped","lbm"
"sophie","AddictedToMusic","lbm"
"sophie","MusiqueEnLive","lbm"
"sophie","TechnoHeart","lbm"
"sophie","OrchestraMood","lbm"
"sophie","GrungeMood","lbm"
"sophie","WorldFusion","lbm"
"sophie","NightclubBeats","lbm"
"sophie","GrungeMood","lbm"
"sophie","EDMAddict","lbm"
"sophie","SalsaMood","lbm"
"sophie","ChillstepMood","lbm"
"sophie","MetalHead","lbm"
"raygarnier","SpotifyWrapped","lbm"
"raygarnier","RockVibes","lbm"
"raygarnier","SpotifyWrapped","lbm"
"raygarnier","ChillAndMusic","lbm"
"raygarnier","ReggaeSpirit","lbm"
"raygarnier","MusiqueEnLive","lbm"
"raygarnier","PlaylistObsessed","lbm"
"raygarnier","LaMusiqueEtMoi","lbm"
"raygarnier","MonAlgorithmeMeConnaît","lbm"
"raygarnier","MonAlgorithmeMeConnaît","lbm"
"raygarnier","DeepHouseVibes","lbm"
"raygarnier","80sPopForever","lbm"
"raygarnier","ScreamoFeels","lbm"
"raygarnier","CampfireTunes","lbm"
"raygarnier","PopRockFusion","lbm"
"raygarnier","AltRockLover","lbm"
"raygarnier","OrientalGroove","lbm"
"raygarnier","GirlPopLover","lbm"
"raygarnier","AltRockLover","lbm"
"raygarnier","RockVibes","lbm"
"nath33","RockVibes","lbm"
"nath33","RapFrançais","lbm"
"nath33","DiscoverWeekly","lbm"
"nath33","PlaylistObsessed","lbm"
"nath33","EnModeFestival","lbm"
"nath33","PlaylistObsessed","lbm"
"nath33","JazzLover","lbm"
"nath33","EnModeFestival","lbm"
"nath33","EnModeFestival","lbm"
"nath33","Melomane","lbm"
"nath33","PianoLover","lbm"
"nath33","SalsaMood","lbm"
"nath33","SouthernSound","lbm"
"nath33","JazzLover","lbm"
"nath33","DeathcoreAddict","lbm"
"nath33","BoyBandEra","lbm"
"nath33","CatchyChorus","lbm"
"nath33","BluegrassSpirit","lbm"
"nath33","WorldFusion","lbm"
"nath33","EDMAddict","lbm"
"nathalie79","LaMusiqueEtMoi","lbm"
"nathalie79","ÉmotionsEnMusique","lbm"
"nathalie79","ChillAndMusic","lbm"
"nathalie79","LiveMusicLover","lbm"
"nathalie79","MusiqueAvantTout","lbm"
"nathalie79","Melomane","lbm"
"nathalie79","ÉmotionsEnMusique","lbm"
"nathalie79","AddictedToMusic","lbm"
"nathalie79","FolkVibes","lbm"
"nathalie79","MusiqueH24","lbm"
"nathalie79","FolkVibes","lbm"
"nathalie79","CatchyChorus","lbm"
"nathalie79","QuietStrings","lbm"
"nathalie79","GarageRock","lbm"
"nathalie79","BoyBandEra","lbm"
"nathalie79","PopRockFusion","lbm"
"nathalie79","ChillstepMood","lbm"
"nathalie79","PopCultureKid","lbm"
"nathalie79","VariétéFrançaise","lbm"
"nathalie79","FlamencoSoul","lbm"
"martine95","DiscoverWeekly","lbm"
"martine95","MusicMood","lbm"
"martine95","MoodMusical","lbm"
"martine95","ChillAndMusic","lbm"
"martine95","MusiqueH24","lbm"
"martine95","SpotifyAddict","lbm"
"martine95","LiveMusicLover","lbm"
"martine95","FestivalVibes","lbm"
"martine95","JazzLover","lbm"
"martine95","LiveMusicLover","lbm"
"martine95","AltRockLover","lbm"
"martine95","WorldFusion","lbm"
"martine95","TechnoHeart","lbm"
"martine95","DoomAndDistortion","lbm"
"martine95","ClassicalSoul","lbm"
"martine95","CountryRoadsMood","lbm"
"martine95","GuitarSoloLife","lbm"
"martine95","JpopVibes","lbm"
"martine95","BluegrassSpirit","lbm"
"martine95","SmoothJazzOnly","lbm"
"michmich","SpotifyWrapped","lbm"
"michmich","ElectroLover","lbm"
"michmich","SpotifyLover","lbm"
"michmich","ReleaseRadar","lbm"
"michmich","ElectroLover","lbm"
"michmich","MusiqueH24","lbm"
"michmich","SauterDansLaFoule","lbm"
"michmich","PopAddict","lbm"
"michmich","MusiqueEnLive","lbm"
"michmich","ElectroLover","lbm"
"michmich","SalsaMood","lbm"
"michmich","SouthernSound","lbm"
"michmich","HardRock","lbm"
"michmich","JpopVibes","lbm"
"michmich","MainstreamMood","lbm"
"michmich","KpopFan","lbm"
"michmich","JazzLover","lbm"
"michmich","KpopFan","lbm"
"michmich","HardRock","lbm"
"michmich","PopRockFusion","lbm"
"vingt_cent","ConcertAddict","lbm"
"vingt_cent","MusiqueAvantTout","lbm"
"vingt_cent","ReleaseRadar","lbm"
"vingt_cent","MusiqueH24","lbm"
"vingt_cent","EnModeFestival","lbm"
"vingt_cent","Melomane","lbm"
"vingt_cent","EnModeFestival","lbm"
"vingt_cent","SpotifyWrapped","lbm"
"vingt_cent","AlwaysWithMyHeadphones","lbm"
"vingt_cent","UnJourUnConcert","lbm"
"vingt_cent","FilmScoreFan","lbm"
"vingt_cent","PianoLover","lbm"
"vingt_cent","MetalForLife","lbm"
"vingt_cent","ClassicalSoul","lbm"
"vingt_cent","OrientalGroove","lbm"
"vingt_cent","RaveSpirit","lbm"
"vingt_cent","PostRockDreamer","lbm"
"vingt_cent","MinimalGroove","lbm"
"vingt_cent","WorldFusion","lbm"
"vingt_cent","ThrashVibes","lbm"
"alainnn","RienNeVautUnLive","lbm"
"alainnn","MusicForTheSoul","lbm"
"alainnn","LiveMusicLover","lbm"
"alainnn","UnJourUnConcert","lbm"
"alainnn","AddictedToMusic","lbm"
"alainnn","UnJourUnConcert","lbm"
"alainnn","AddictedToMusic","lbm"
"alainnn","RockVibes","lbm"
"alainnn","SpotifyAddict","lbm"
"alainnn","ReggaeSpirit","lbm"
"alainnn","RaiLover","lbm"
"alainnn","FolkVibes","lbm"
"alainnn","SouthernSound","lbm"
"alainnn","PopAddict","lbm"
"alainnn","DeathcoreAddict","lbm"
"alainnn","AltRockLover","lbm"
"alainnn","JazzLover","lbm"
"alainnn","MetalForLife","lbm"
"alainnn","ThrashVibes","lbm"
"alainnn","PopRockFusion","lbm"
"_hellene","LaMusiqueEtMoi","lbm"
"_hellene","ÉmotionsEnMusique","lbm"
"_hellene","ChillAndMusic","lbm"
"_hellene","MusicLover","lbm"
"_hellene","MusiqueAvantTout","lbm"
"_hellene","ChillAndMusic","lbm"
"_hellene","RnBSoul","lbm"
"_hellene","RienNeVautUnLive","lbm"
"_hellene","MusicForTheSoul","lbm"
"_hellene","IndieKid","lbm"
"_hellene","WorldFusion","lbm"
"_hellene","BaroqueVibes","lbm"
"_hellene","OrchestraMood","lbm"
"_hellene","RaiLover","lbm"
"_hellene","GuitarSoloLife","lbm"
"_hellene","BanjoBeat","lbm"
"_hellene","FilmScoreFan","lbm"
"_hellene","MainstreamMood","lbm"
"_hellene","SouthernSound","lbm"
"_hellene","PostRockDreamer","lbm"
